{
    "job_id": "job_001",
    "job_name": "Daily Data Ingestion Job",
    "scheduled_time": "2023-10-01T05:00:00Z",
    "status": "completed",
    "start_time": "2023-10-01T05:00:00Z",
    "end_time": "2023-10-01T05:05:00Z",
    "total_records_processed": 100,
    "successful_records": 95,
    "failed_records": 5,
    "failure_reason": [
        "Timeout while fetching data",
        "API limit reached"
    ],
    "raw_data_summary": {
        "technical_id": "raw_data_entity_001",
        "records": [
            {
                "id": 1,
                "title": "Activity 1",
                "description": "Details about Activity 1.",
                "due_date": "2025-01-22T21:36:27.6587562+00:00",
                "completed": false
            },
            {
                "id": 2,
                "title": "Activity 2",
                "description": "Details about Activity 2.",
                "due_date": "2025-01-22T22:36:27.6587592+00:00",
                "completed": true
            }
        ]
    },
    "aggregated_data_summary": {
        "technical_id": "aggregated_data_entity_001",
        "summary": {
            "total_activities": 2,
            "completed_activities": 1,
            "pending_activities": 1
        }
    },
    "report_details": {
        "report_entity_id": "report_entity_001",
        "notification_status": "Sent",
        "recipients": [
            {
                "name": "Admin User",
                "email": "admin@example.com"
            }
        ]
    }
}