{
    "report_id": "report_2023_10_01",
    "generated_at": "2023-10-01T10:05:00Z",
    "report_title": "Monthly Data Overview",
    "total_entries": 150,
    "successful_ingests": 145,
    "failed_ingests": 5,
    "percentage_success": 96.67,
    "activities_summary": [
        {
            "activity_id": 1,
            "title": "Activity 1",
            "due_date": "2025-01-22T21:36:27.6587562+00:00",
            "status": "Pending"
        },
        {
            "activity_id": 2,
            "title": "Activity 2",
            "due_date": "2025-01-22T22:36:27.6587592+00:00",
            "status": "Completed"
        }
    ],
    "overall_status": "Partially Completed",
    "comments": "This report summarizes the data ingestion activities for the month. It highlights the number of successful and failed ingests, along with details on specific activities processed.",
    "distribution_info": {
        "recipients": [
            {
                "name": "Admin User",
                "email": "admin@example.com"
            },
            {
                "name": "Data Analyst",
                "email": "analyst@example.com"
            }
        ],
        "sent_at": "2023-10-01T10:05:00Z"
    }
}