{
    "id": 1,
    "total_activities": 2,
    "completed_activities": 1,
    "pending_activities": 1,
    "activity_summary": [
        {
            "activity_id": 1,
            "title": "Activity 1",
            "due_date": "2025-01-22T21:36:27.6587562+00:00",
            "status": "Pending"
        },
        {
            "activity_id": 2,
            "title": "Activity 2",
            "due_date": "2025-01-22T22:36:27.6587592+00:00",
            "status": "Completed"
        }
    ],
    "overall_status": "Partially Completed",
    "aggregation_timestamp": "2023-10-01T10:00:00Z",
    "comments": "This aggregated data reflects the current status of activities processed within the specified period."
}