{
    "id": 1,
    "total_books": 2,
    "total_pages": 300,
    "average_page_count": 150,
    "aggregated_details": [
        {
            "book_id": 1,
            "title": "Book 1",
            "page_count": 100,
            "publish_date": "2025-01-22T01:00:31.9717395+00:00"
        },
        {
            "book_id": 2,
            "title": "Book 2",
            "page_count": 200,
            "publish_date": "2025-01-21T01:00:31.9717519+00:00"
        }
    ],
    "summary": {
        "description": "This report summarizes the total number of books ingested, the total number of pages, and the average page count.",
        "generated_at": "2023-10-01T10:05:00Z"
    }
}