{
    "$schema": "http://json-schema.org/draft-07/schema#",
    "can_proceed": true,
    "entity_workflow": {
        "name": "improved_data_ingestion_workflow",
        "class_name": "com.cyoda.tdb.model.treenode.TreeNodeEntity",
        "transitions": [
            {
                "name": "start_data_ingestion",
                "description": "Start the data ingestion process from the specified data source.",
                "start_state": "None",
                "start_state_description": "Initial state before data ingestion.",
                "end_state": "data_ingested",
                "end_state_description": "Data has been successfully ingested.",
                "process": {
                    "name": "ingest_raw_data",
                    "description": "Process to ingest raw data from the specified API.",
                    "adds_new_entites": "raw_data_entity"
                }
            },
            {
                "name": "validate_data",
                "description": "Validate the ingested data for completeness and correctness.",
                "start_state": "data_ingested",
                "start_state_description": "Data has been ingested and is ready for validation.",
                "end_state": "data_validated",
                "end_state_description": "Data has been validated successfully.",
                "process": {
                    "name": "validate_ingested_data",
                    "description": "Process to check the integrity and structure of the ingested data.",
                    "adds_new_entites": "None"
                }
            },
            {
                "name": "handle_validation_errors",
                "description": "Handle any errors that occur during data validation.",
                "start_state": "data_validated",
                "start_state_description": "Data validation has been completed.",
                "end_state": "validation_failed",
                "end_state_description": "Data validation encountered errors.",
                "process": {
                    "name": "log_validation_errors",
                    "description": "Process to log any errors found during the data validation.",
                    "adds_new_entites": "None"
                }
            },
            {
                "name": "aggregate_data",
                "description": "Aggregate the validated data for reporting purposes.",
                "start_state": "data_validated",
                "start_state_description": "Data has been validated and is ready for aggregation.",
                "end_state": "data_aggregated",
                "end_state_description": "Data has been successfully aggregated.",
                "process": {
                    "name": "aggregate_validated_data",
                    "description": "Process to summarize the validated data for reporting.",
                    "adds_new_entites": "aggregated_data_entity"
                }
            }
        ]
    }
}