{
    "$schema": "http://json-schema.org/draft-07/schema#",
    "title": "Cyoda design",
    "type": "object",
    "entities": [
        {
            "entity_name": "data_ingestion_job",
            "entity_type": "JOB",
            "entity_source": "SCHEDULED",
            "depends_on_entity": "None",
            "entity_workflow": {
                "name": "data_ingestion_workflow",
                "class_name": "com.cyoda.tdb.model.treenode.TreeNodeEntity",
                "transitions": [
                    {
                        "name": "start_data_ingestion",
                        "description": "Start the data ingestion process from the specified data source.",
                        "start_state": "None",
                        "start_state_description": "Initial state before data ingestion.",
                        "end_state": "data_ingested",
                        "end_state_description": "Data has been successfully ingested.",
                        "process": {
                            "name": "ingest_raw_data",
                            "description": "Process to ingest raw data from the specified API.",
                            "adds_new_entites": "raw_data_entity"
                        }
                    }
                ]
            }
        },
        {
            "entity_name": "raw_data_entity",
            "entity_type": "EXTERNAL_SOURCES_PULL_BASED_RAW_DATA",
            "entity_source": "ENTITY_EVENT",
            "depends_on_entity": "data_ingestion_job",
            "entity_workflow": {
                "name": "raw_data_workflow",
                "class_name": "com.cyoda.tdb.model.treenode.TreeNodeEntity",
                "transitions": []
            }
        },
        {
            "entity_name": "aggregated_data_entity",
            "entity_type": "SECONDARY_DATA",
            "entity_source": "ENTITY_EVENT",
            "depends_on_entity": "data_ingestion_job",
            "entity_workflow": {
                "name": "aggregated_data_workflow",
                "class_name": "com.cyoda.tdb.model.treenode.TreeNodeEntity",
                "transitions": []
            }
        },
        {
            "entity_name": "report_entity",
            "entity_type": "SECONDARY_DATA",
            "entity_source": "ENTITY_EVENT",
            "depends_on_entity": "data_ingestion_job",
            "entity_workflow": {
                "name": "report_workflow",
                "class_name": "com.cyoda.tdb.model.treenode.TreeNodeEntity",
                "transitions": []
            }
        }
    ]
}